source_url,source_name,retrieved_at,license_note,record_count
https://data.cityofnewyork.us/resource/kpav-sd4t.json,"NYC Open Data - NYC Jobs (kpav-sd4t), City of New York",2026-09-19T03:51:46Z,"NYC Open Data, 'NYC Jobs' dataset (kpav-sd4t), published by the City of New York under the NYC Open Data Terms of Use: public data, free to use, share and adapt with attribution to the City of New York.",68
https://jobs.lever.co/anchorage,"Anchorage Digital - public job board, collected through the Lever postings API api.lever.co/v0",2026-09-19T03:51:48Z,"Retrieved from the public, unauthenticated Lever postings API (api.lever.co/v0/postings), which the employer publishes for public job seekers. Posting text remains the copyright of the employer; reproduced here in excerpt for non-commercial academic coursework only, not redistributed publicly.",18
https://jobs.lever.co/alloy,"Alloy - public job board, collected through the Lever postings API api.lever.co/v0",2026-09-19T03:51:49Z,"Retrieved from the public, unauthenticated Lever postings API (api.lever.co/v0/postings), which the employer publishes for public job seekers. Posting text remains the copyright of the employer; reproduced here in excerpt for non-commercial academic coursework only, not redistributed publicly.",10
https://www.janestreet.com/join-jane-street,"Jane Street - public job board, collected through the Greenhouse board API boards-api.greenhouse.io",2026-09-19T03:52:11Z,"Retrieved from the public, unauthenticated Greenhouse job board API (boards-api.greenhouse.io), which the employer publishes for public job seekers. Posting text remains the copyright of the employer; reproduced here in excerpt for non-commercial academic coursework only, not redistributed publicly.",8
https://job-boards.greenhouse.io/carta,"Carta - public job board, collected through the Greenhouse board API boards-api.greenhouse.io",2026-09-19T03:52:13Z,"Retrieved from the public, unauthenticated Greenhouse job board API (boards-api.greenhouse.io), which the employer publishes for public job seekers. Posting text remains the copyright of the employer; reproduced here in excerpt for non-commercial academic coursework only, not redistributed publicly.",8
https://www.jumptrading.com/hr,"Jump Trading - public job board, collected through the Greenhouse board API boards-api.greenhouse.io",2026-09-19T03:52:12Z,"Retrieved from the public, unauthenticated Greenhouse job board API (boards-api.greenhouse.io), which the employer publishes for public job seekers. Posting text remains the copyright of the employer; reproduced here in excerpt for non-commercial academic coursework only, not redistributed publicly.",8
https://www.brex.com/careers,"Brex - public job board, collected through the Greenhouse board API boards-api.greenhouse.io",2026-09-19T03:52:13Z,"Retrieved from the public, unauthenticated Greenhouse job board API (boards-api.greenhouse.io), which the employer publishes for public job seekers. Posting text remains the copyright of the employer; reproduced here in excerpt for non-commercial academic coursework only, not redistributed publicly.",8
https://boards.greenhouse.io/point72,"Point72 - public job board, collected through the Greenhouse board API boards-api.greenhouse.io",2026-09-19T03:51:50Z,"Retrieved from the public, unauthenticated Greenhouse job board API (boards-api.greenhouse.io), which the employer publishes for public job seekers. Posting text remains the copyright of the employer; reproduced here in excerpt for non-commercial academic coursework only, not redistributed publicly.",8
https://job-boards.greenhouse.io/virtu,"Virtu Financial - public job board, collected through the Greenhouse board API boards-api.greenhouse.io",2026-09-19T03:52:12Z,"Retrieved from the public, unauthenticated Greenhouse job board API (boards-api.greenhouse.io), which the employer publishes for public job seekers. Posting text remains the copyright of the employer; reproduced here in excerpt for non-commercial academic coursework only, not redistributed publicly.",8
https://stripe.com/jobs,"Stripe - public job board, collected through the Greenhouse board API boards-api.greenhouse.io",2026-09-19T03:52:17Z,"Retrieved from the public, unauthenticated Greenhouse job board API (boards-api.greenhouse.io), which the employer publishes for public job seekers. Posting text remains the copyright of the employer; reproduced here in excerpt for non-commercial academic coursework only, not redistributed publicly.",7
https://boards.greenhouse.io/gemini,"Gemini - public job board, collected through the Greenhouse board API boards-api.greenhouse.io",2026-09-19T03:52:16Z,"Retrieved from the public, unauthenticated Greenhouse job board API (boards-api.greenhouse.io), which the employer publishes for public job seekers. Posting text remains the copyright of the employer; reproduced here in excerpt for non-commercial academic coursework only, not redistributed publicly.",7
https://job-boards.eu.greenhouse.io/imc,"IMC Trading - public job board, collected through the Greenhouse board API boards-api.greenhouse.io",2026-09-19T03:52:12Z,"Retrieved from the public, unauthenticated Greenhouse job board API (boards-api.greenhouse.io), which the employer publishes for public job seekers. Posting text remains the copyright of the employer; reproduced here in excerpt for non-commercial academic coursework only, not redistributed publicly.",7
https://job-boards.greenhouse.io/mercury,"Mercury - public job board, collected through the Greenhouse board API boards-api.greenhouse.io",2026-09-19T03:52:16Z,"Retrieved from the public, unauthenticated Greenhouse job board API (boards-api.greenhouse.io), which the employer publishes for public job seekers. Posting text remains the copyright of the employer; reproduced here in excerpt for non-commercial academic coursework only, not redistributed publicly.",7
https://careers.aqr.com/jobs,"AQR Capital Management - public job board, collected through the Greenhouse board API boards-api.greenhouse.io",2026-09-19T03:52:13Z,"Retrieved from the public, unauthenticated Greenhouse job board API (boards-api.greenhouse.io), which the employer publishes for public job seekers. Posting text remains the copyright of the employer; reproduced here in excerpt for non-commercial academic coursework only, not redistributed publicly.",6
https://job-boards.greenhouse.io/affirm,"Affirm - public job board, collected through the Greenhouse board API boards-api.greenhouse.io",2026-09-19T03:52:14Z,"Retrieved from the public, unauthenticated Greenhouse job board API (boards-api.greenhouse.io), which the employer publishes for public job seekers. Posting text remains the copyright of the employer; reproduced here in excerpt for non-commercial academic coursework only, not redistributed publicly.",6
https://boards.greenhouse.io/robinhood,"Robinhood - public job board, collected through the Greenhouse board API boards-api.greenhouse.io",2026-09-19T03:52:15Z,"Retrieved from the public, unauthenticated Greenhouse job board API (boards-api.greenhouse.io), which the employer publishes for public job seekers. Posting text remains the copyright of the employer; reproduced here in excerpt for non-commercial academic coursework only, not redistributed publicly.",5
https://sofi.com/careers,"SoFi - public job board, collected through the Greenhouse board API boards-api.greenhouse.io",2026-09-19T03:52:15Z,"Retrieved from the public, unauthenticated Greenhouse job board API (boards-api.greenhouse.io), which the employer publishes for public job seekers. Posting text remains the copyright of the employer; reproduced here in excerpt for non-commercial academic coursework only, not redistributed publicly.",4
https://www.betterment.com/careers,"Betterment - public job board, collected through the Greenhouse board API boards-api.greenhouse.io",2026-09-19T03:52:13Z,"Retrieved from the public, unauthenticated Greenhouse job board API (boards-api.greenhouse.io), which the employer publishes for public job seekers. Posting text remains the copyright of the employer; reproduced here in excerpt for non-commercial academic coursework only, not redistributed publicly.",3
https://www.coinbase.com/careers,"Coinbase - public job board, collected through the Greenhouse board API boards-api.greenhouse.io",2026-09-19T03:52:14Z,"Retrieved from the public, unauthenticated Greenhouse job board API (boards-api.greenhouse.io), which the employer publishes for public job seekers. Posting text remains the copyright of the employer; reproduced here in excerpt for non-commercial academic coursework only, not redistributed publicly.",2
https://boards.greenhouse.io/chime,"Chime - public job board, collected through the Greenhouse board API boards-api.greenhouse.io",2026-09-19T03:52:16Z,"Retrieved from the public, unauthenticated Greenhouse job board API (boards-api.greenhouse.io), which the employer publishes for public job seekers. Posting text remains the copyright of the employer; reproduced here in excerpt for non-commercial academic coursework only, not redistributed publicly.",1
https://careers.upstart.com/jobs,"Upstart - public job board, collected through the Greenhouse board API boards-api.greenhouse.io",2026-09-19T03:52:15Z,"Retrieved from the public, unauthenticated Greenhouse job board API (boards-api.greenhouse.io), which the employer publishes for public job seekers. Posting text remains the copyright of the employer; reproduced here in excerpt for non-commercial academic coursework only, not redistributed publicly.",1
