source_url,source_name,retrieved_at,license_note,record_count
https://jobs.ashbyhq.com/meow/56e3b840-11a0-4e98-baca-44e8e26b5218/application,jobs.ashbyhq.com,2026-09-18T00:45:56Z,Public job posting on Ashby-hosted career page; no explicit reuse license.,4
https://jobs.ashbyhq.com/radiant-industries/1ec29cec-d18f-417d-adc6-31adda87c687/application,jobs.ashbyhq.com,2026-09-18T00:45:56Z,Public job posting on Ashby-hosted career page; no explicit reuse license.,4
https://visa.wd5.myworkdayjobs.com/Visa/job/US---Austin-TX/Software-Engineer--New-College-Grad---2027--Austin--TX_REF088586W,visa.wd5.myworkdayjobs.com,2026-09-18T00:45:56Z,Public job posting on Visa Workday career portal; subject to Visa Candidate Privacy Notice.,4
https://nvidia.wd5.myworkdayjobs.com/NVIDIAExternalCareerSite/job/US-CA-Santa-Clara/Software-Engineer--Hardware-Tools-and-Methodology---New-College-Grad-2026_JR2018659,nvidia.wd5.myworkdayjobs.com,2026-09-18T00:45:56Z,Public job posting on NVIDIA Workday career portal; subject to NVIDIA Applicant Privacy Policy.,14
https://job-boards.greenhouse.io/headlandstechnologiesllc/jobs/4336806009,job-boards.greenhouse.io,2026-09-18T00:45:56Z,Public job posting on Greenhouse-hosted career page; subject to Headlands GDPR and Privacy Policies.,3
https://globalhr.wd5.myworkdayjobs.com/rec_rtx_ext_gateway/job/US-MA-TEWKSBURY-TB3--50-Apple-Hill-Dr--CONCORD-BLDG-Tewksbury-Tb3-300-Concord/Software-Engineer-I--Onsite-_01875565,globalhr.wd5.myworkdayjobs.com,2026-09-18T00:45:56Z,Public job posting on RTX Workday career portal; subject to RTX Privacy Policy and Terms.,7
https://relx.wd3.myworkdayjobs.com/RiskSolutions/job/R117973,relx.wd3.myworkdayjobs.com,2026-09-18T00:47:34Z,Public job posting on RELX Workday career portal; subject to RELX Candidate Privacy Policy.,4
https://icf.wd5.myworkdayjobs.com/en-US/ICFJobs/job/R2603054,icf.wd5.myworkdayjobs.com,2026-09-18T00:47:34Z,Public job posting on ICF Workday career portal; subject to ICF Privacy Statement.,4
https://search-careers.gm.com/en/jobs/JR-202620418,search-careers.gm.com,2026-09-18T00:47:34Z,Public job posting on GM Workday career portal; subject to GM Privacy policy.,4
https://boards.greenhouse.io/towerresearchcapital,boards.greenhouse.io,2026-09-18T00:53:42Z,Public job posting on Greenhouse-hosted career page; subject to Tower GDPR and Privacy Policies.,3
https://jobs.ashbyhq.com/superhuman,jobs.ashbyhq.com,2026-09-18T00:53:42Z,Public job posting on Ashby-hosted career page; subject to Superhuman/Grammarly privacy policy.,4
https://mimecast.wd1.myworkdayjobs.com/en-US/careers/job/R6708,mimecast.wd1.myworkdayjobs.com,2026-09-18T00:57:33Z,Public job posting on Mimecast Workday career portal; subject to Mimecast Privacy Statement.,4
https://autostore.wd3.myworkdayjobs.com/en-US/careers/job/JR102691,autostore.wd3.myworkdayjobs.com,2026-09-18T00:57:33Z,Public job posting on AutoStore Workday career portal; subject to AutoStore Privacy Policy.,3
https://boards.greenhouse.io/klaviyocampus,boards.greenhouse.io,2026-09-18T00:57:33Z,Public job posting on Klaviyo Campus Greenhouse career page; subject to Klaviyo Job Applicant Privacy Notice.,4
https://jobs.ashbyhq.com/trueanomaly,jobs.ashbyhq.com,2026-09-18T01:02:21Z,Public job posting on Ashby-hosted career page; subject to True Anomaly EEO policy.,4
https://boards.greenhouse.io/spacex,boards.greenhouse.io,2026-09-18T01:02:21Z,Public job posting on Greenhouse-hosted career page; subject to SpaceX EEO and Affirmative Action policies.,4
https://www.ctg.com/careers/jobs/17557,www.ctg.com,2026-09-18T01:02:21Z,Public job posting on CTG career portal (iCIMS); subject to CTG Cookie Notice and privacy policy.,2
https://careers.garmin.com/careers-home/jobs/16587,careers.garmin.com,2026-09-18T01:02:21Z,Public job posting on Garmin career portal; subject to Garmin Candidate Privacy Notice.,3
https://nexthopai.bamboohr.com/careers/107,nexthopai.bamboohr.com,2026-09-18T01:02:21Z,Public job posting on BambooHR-hosted career page; subject to BambooHR Terms of Service.,3
https://careers.avinc.com/job/8682,careers.avinc.com,2026-09-18T01:10:48Z,Public job posting on AeroVironment Workday portal.,4
https://boards.greenhouse.io/idmeunirecruiting,boards.greenhouse.io,2026-09-18T01:10:48Z,Public job posting on Greenhouse; subject to ID.me Privacy Policy.,4
https://gdmissionsystems.com/careers/entry-level-software-engineer/2026-73057,gdmissionsystems.com,2026-09-18T01:10:48Z,Public job posting on GDMS iCIMS portal.,4
https://boards.greenhouse.io/doordash,boards.greenhouse.io,2026-09-18T01:10:48Z,Public job posting on Greenhouse; subject to DoorDash Applicant Privacy Notice.,4
https://jobs.ashbyhq.com/sift,jobs.ashbyhq.com,2026-09-18T01:10:48Z,Public job posting on Ashby; no explicit reuse license.,4
https://jobs.ashbyhq.com/arch,jobs.ashbyhq.com,2026-09-18T01:10:48Z,Public job posting on Ashby; no explicit reuse license.,4
https://boards.greenhouse.io/kikoff,boards.greenhouse.io,2026-09-18T01:10:48Z,Public job posting on Greenhouse; subject to Kikoff privacy policy.,3
https://careers.appliedmaterials.com/en/job/R2627911,careers.appliedmaterials.com,2026-09-18T01:10:48Z,Public job posting on Applied Materials Workday portal.,4
https://aexp.eightfold.ai/careers/job/26012796,aexp.eightfold.ai,2026-09-18T01:15:26Z,Public job posting on American Express career portal; subject to Amex Privacy Statement and Cookie Policy.,5
https://boards.greenhouse.io/tebra,boards.greenhouse.io,2026-09-18T01:15:26Z,Public job posting on Greenhouse-hosted career page; subject to Tebra Privacy Policy and California Supplemental Notice.,4
https://jobs.ashbyhq.com/valon,jobs.ashbyhq.com,2026-09-18T01:15:26Z,Public job posting on Ashby-hosted career page; no explicit reuse license.,4
https://boards.greenhouse.io/intersystems,boards.greenhouse.io,2026-09-18T01:15:26Z,Public job posting on Greenhouse-hosted career page; subject to InterSystems Data Protection Information Notice.,4
https://stripe.com/jobs/listing/software-engineer-new-grad,stripe.com,2026-09-18T01:15:26Z,Public job posting on Stripe careers page; subject to Stripe Privacy Policy and Terms.,3
https://jobs.ashbyhq.com/sierra,jobs.ashbyhq.com,2026-09-18T01:15:26Z,Public job posting on Ashby-hosted career page; no explicit reuse license.,4
https://www.ixl.com/company/jobs,www.ixl.com,2026-09-18T01:15:26Z,Public job posting on IXL Learning career page; no explicit reuse license.,3
https://jobs.ashbyhq.com/whatnot,jobs.ashbyhq.com,2026-09-18T01:15:26Z,Public job posting on Ashby-hosted career page; no explicit reuse license.,4
https://boards.greenhouse.io/everlaw,boards.greenhouse.io,2026-09-18T01:15:26Z,Public job posting on Greenhouse-hosted career page; subject to Everlaw Applicants Privacy Notice.,3
https://www.google.com/about/careers/applications/jobs/results,www.google.com,2026-09-18T01:15:26Z,Public job posting on Google Careers; subject to Google Applicant and Candidate Privacy Policy.,3
https://amazon.jobs/en/jobs/10414316,amazon.jobs,2026-09-18T01:15:26Z,Public job posting on Amazon Jobs; subject to Amazon Privacy and Data policy.,4
https://amazon.jobs/en/jobs/3177934,amazon.jobs,2026-09-18T01:15:26Z,Public job posting on Amazon Jobs; subject to Amazon Privacy and Data policy.,3
https://hp.wd5.myworkdayjobs.com/ExternalCareerSite/job/3160884,hp.wd5.myworkdayjobs.com,2026-09-18T01:20:49Z,Public job posting on HP Workday career portal; subject to HP EEO and privacy policies.,3
https://careers.rolls-royce.com/job/JR6160142,careers.rolls-royce.com,2026-09-18T01:20:49Z,Public job posting on Rolls-Royce Workday career portal; subject to Rolls-Royce Data Privacy policy.,2
https://bdo.wd10.myworkdayjobs.com/BDO/job/JR7065,bdo.wd10.myworkdayjobs.com,2026-09-18T01:20:49Z,Public job posting on BDO Workday career portal; subject to BDO Canada Privacy Policy.,3
https://careers.qualcomm.com/careers/job/3096480,careers.qualcomm.com,2026-09-18T01:20:49Z,Public job posting on Qualcomm Eightfold career portal; subject to Qualcomm privacy policies.,3
https://capitalonecareers.ca/job/R999616,capitalonecareers.ca,2026-09-18T01:20:49Z,Public job posting on Capital One Workday career portal; subject to Capital One privacy policies.,2
https://sunlife.wd3.myworkdayjobs.com/Campus/job/JR00126983,sunlife.wd3.myworkdayjobs.com,2026-09-18T01:20:49Z,Public job posting on Sun Life Workday career portal; subject to Sun Life privacy policies.,2
https://boards.greenhouse.io/idmeuniversityrecruiting,boards.greenhouse.io,2026-09-18T01:20:49Z,Public job posting on Greenhouse-hosted career page; subject to ID.me Privacy Policy and CCPA policy.,2
https://capitalonecareers.ca/job/R999613,capitalonecareers.ca,2026-09-18T01:20:49Z,Public job posting on Capital One Workday career portal; subject to Capital One privacy policies.,2
https://careers.canadiantire.ca/job/JR164983,careers.canadiantire.ca,2026-09-18T01:20:49Z,Public job posting on Canadian Tire Workday career portal; subject to Canadian Tire privacy policies.,2
https://boards.greenhouse.io/smx,boards.greenhouse.io,2026-09-18T01:20:49Z,Public job posting on Greenhouse-hosted career page; subject to SMX Data Privacy Policy.,2
https://jobs.ashbyhq.com/trulioo,jobs.ashbyhq.com,2026-09-18T01:20:49Z,Public job posting on Ashby-hosted career page; subject to Trulioo Website Privacy Policy.,2
https://cadence.wd1.myworkdayjobs.com/External_Careers/job/R55738,cadence.wd1.myworkdayjobs.com,2026-09-18T01:20:49Z,Public job posting on Cadence Workday career portal; subject to Cadence privacy policies.,2
https://safelite.wd1.myworkdayjobs.com/Safelite/job/JR74275,safelite.wd1.myworkdayjobs.com,2026-09-18T01:20:49Z,Public job posting on Safelite Workday career portal; subject to Safelite/Belron privacy policies.,2
https://aexp.eightfold.ai/careers/job/26013286,aexp.eightfold.ai,2026-09-18T01:20:49Z,Public job posting on American Express careers portal; subject to Amex privacy statement and cookie policy.,3
https://jobs.smartrecruiters.com/NationalSoftwareManagement,jobs.smartrecruiters.com,2026-09-18T01:20:49Z,Public job posting on SmartRecruiters; subject to National Software Management privacy policy.,2
https://jobs.lever.co/expression,jobs.lever.co,2026-09-18T01:20:49Z,Public job posting on Lever-hosted career page; subject to Expression privacy policies.,2
https://jobs.lever.co/trueanomaly,jobs.lever.co,2026-09-18T01:20:49Z,Public job posting on Lever-hosted career page; subject to True Anomaly EEO policy.,4
https://kbr.wd5.myworkdayjobs.com/KBR/job/R2128783,kbr.wd5.myworkdayjobs.com,2026-09-18T01:20:49Z,Public job posting on KBR Workday career portal; subject to KBR Recruitment Privacy Notice.,2
https://jobs.bytedance.com/en/position/7669789046777940229/detail,jobs.bytedance.com,2026-09-18T01:26:28Z,Public job posting on ByteDance career site; subject to ByteDance Privacy Policy.,4
https://careers.rbi.com/global/en/job/R3622,careers.rbi.com,2026-09-18T01:26:28Z,Public job posting on RBI Workday career portal; subject to RBI privacy policy.,3
https://lifeattiktok.com/search/7672976491146004741,lifeattiktok.com,2026-09-18T01:26:28Z,Public job posting on TikTok career site; subject to TikTok Candidate Privacy Policy.,4
https://careers-nakupuna.icims.com/jobs/6788/job?mobile=true&needsRedirect=false,careers-nakupuna.icims.com,2026-09-18T01:26:28Z,Public job posting on iCIMS career portal; subject to Nakupuna privacy policy.,4
https://sallie-mae.wd5.myworkdayjobs.com/Careers/job/Newark-DE/Associate--Analytics---Early-Career-Development-Program_R26_000512,sallie-mae.wd5.myworkdayjobs.com,2026-09-18T01:26:28Z,Public job posting on Sallie Mae Workday career portal; subject to Sallie Mae privacy policy.,4
https://jobs.ashbyhq.com/snowflake/1bad12df-f443-426f-9d09-e96fc780d698/application,jobs.ashbyhq.com,2026-09-18T01:26:28Z,Public job posting on Greenhouse-hosted career page; subject to Snowflake privacy policy.,4
https://careers-apogeeusa.icims.com/jobs/1442/job?mobile=true&needsRedirect=false,careers-apogeeusa.icims.com,2026-09-18T01:26:28Z,Public job posting on iCIMS career portal; subject to Apogee privacy policy.,2
https://boards.greenhouse.io/allencontrolsystems,boards.greenhouse.io,2026-09-18T01:26:28Z,Public job posting on Greenhouse-hosted career page; subject to ACS privacy policy.,4
https://careers-americansystems.icims.com/jobs/4391/job?mobile=true&needsRedirect=false,careers-americansystems.icims.com,2026-09-18T01:26:28Z,Public job posting on iCIMS career portal; subject to AMERICAN SYSTEMS privacy policy.,3
https://globalfoundries.wd1.myworkdayjobs.com/External/job/USA---Texas---Austin/Global-Tapeout-and-Mask-Operations--Biz-App-and-Data-Engineer--2026-New-College-Graduate-_JR-2502471-1,globalfoundries.wd1.myworkdayjobs.com,2026-09-18T01:26:28Z,Public job posting on GlobalFoundries Workday career portal; subject to GF privacy policy.,3
https://waymo.com/joinus/4430,waymo.com,2026-09-18T01:26:28Z,Public job posting on Waymo career site; subject to Waymo Candidate Privacy Policy.,4
https://www.smartrecruiters.com/SQexpertsLLC/entry-level-business-analyst-data-analyst,www.smartrecruiters.com,2026-09-18T01:26:28Z,Public job posting on SmartRecruiters; subject to SQexperts privacy policy.,2
https://www.smartrecruiters.com/DataCloudMerge/entry-level-business-analyst-philadelphia,www.smartrecruiters.com,2026-09-18T01:26:28Z,Public job posting on SmartRecruiters; subject to Data Cloud Merge privacy policy.,2
https://job-boards.greenhouse.io/perpay/jobs/4034578007,job-boards.greenhouse.io,2026-09-18T01:26:28Z,Public job posting on Greenhouse-hosted career page; subject to Perpay privacy policy.,4
https://boards.greenhouse.io/brainco/jobs/early-career-ml-engineer,boards.greenhouse.io,2026-09-18T01:26:28Z,Public job posting on Greenhouse-hosted career page; subject to Brain Co. privacy policy.,4
